<?xml version="1.0" encoding="UTF-8" standalone="yes"?>
<addon id="plugin.video.streamedez" name="StreamedEZ" version="0.0.1" provider-name="BlazeyMcBlazeFace">
    <requires>
        <import addon="xbmc.python" version="3.0.0"/>
        <import addon="script.module.requests" version="2.12.0"/>
        <import addon="script.module.certifi" version="2023.07.22"/>
        <import addon="inputstream.adaptive" version="2.4.0"/>
    </requires>
    <extension point="xbmc.python.pluginsource" library="default.py">
        <provides>video</provides>
    </extension>
    <extension point="xbmc.addon.metadata">
        <summary>Sports Streaming Service</summary>
        <description>Watch live sports streams from StreamedEZ</description>
        <platform>all</platform>
        <language>en</language>
        <assets>
            <icon>icon.png</icon>
        </assets>
    </extension>
</addon>
